epoch,eval_f1_macro,eval_f1_micro,eval_loss,eval_runtime,eval_samples_per_second,eval_steps_per_second,eval_subset_accuracy,step
1.0,0.07219894765752088,0.4952816012502254,0.272717148065567,15.8417,162.42,5.113,0.10532452390205985,658
2.0,0.09064480010203674,0.544629877304181,0.22911879420280457,14.4231,178.394,5.616,0.11232024873688301,1316
3.0,0.10309514614135397,0.5682428955343358,0.21433667838573456,16.6207,154.807,4.873,0.12786630392537893,1974
4.0,0.115960350269004,0.5877596855699045,0.20582592487335205,14.3765,178.973,5.634,0.1333074232413525,2632
5.0,0.12550720862659767,0.6022160664819944,0.1996934562921524,14.2268,180.855,5.693,0.1379712397979013,3290
6.0,0.13109005516624317,0.6116456809809204,0.19493445754051208,14.4708,177.806,5.597,0.14380101049358726,3948
7.0,0.1371925209709484,0.6188629785374912,0.19109617173671722,14.6334,175.831,5.535,0.14380101049358726,4606
8.0,0.14152951052414994,0.6225964149918523,0.18794220685958862,14.3092,179.814,5.661,0.14457831325301204,5264
9.0,0.14935181006664486,0.6283051582141309,0.18516190350055695,14.5423,176.932,5.57,0.15001943256898562,5922
10.0,0.15952444743230132,0.635693929128354,0.18292535841464996,14.5123,177.298,5.581,0.15235134084726001,6580
11.0,0.16772819936516337,0.6397169204374866,0.18077120184898376,14.1317,182.073,5.732,0.15934706568208318,7238
12.0,0.17159071497969608,0.6419475655430712,0.17905373871326447,14.4557,177.992,5.603,0.16090167120093277,7896
13.0,0.1789171582067714,0.6459455136748947,0.1774977147579193,14.4174,178.465,5.618,0.16556548775748153,8554
14.0,0.18644449382556874,0.6495780926604044,0.17618677020072937,14.3979,178.707,5.626,0.16750874465604354,9212
15.0,0.19204255281350513,0.6531367263886687,0.1748652458190918,14.451,178.05,5.605,0.16673144189661873,9870
16.0,0.19736083782585614,0.6549719961957096,0.17370301485061646,14.1778,181.481,5.713,0.1737271667314419,10528
17.0,0.20190792482249356,0.6579917816879148,0.17270566523075104,14.2818,180.16,5.672,0.17839098328799066,11186
18.0,0.2055350851972657,0.6601992658626115,0.1718790978193283,14.4913,177.555,5.59,0.1748931208705791,11844
19.0,0.20890000572492995,0.6614753235820268,0.17088289558887482,14.3311,179.54,5.652,0.18655266226195102,12502
20.0,0.21269686074800662,0.6629672285624542,0.17023713886737823,14.4262,178.357,5.615,0.18227749708511465,13160
21.0,0.2173037125153878,0.6656912948061449,0.16946576535701752,14.278,180.208,5.673,0.18771861640108822,13818
22.0,0.22153695778755486,0.6674666110183639,0.1687048375606537,14.5098,177.328,5.582,0.190439176059075,14476
23.0,0.2228445020395818,0.6689608425882476,0.16809335350990295,14.4792,177.703,5.594,0.1916051301982122,15134
24.0,0.22818936455009958,0.6706499714241181,0.1676853448152542,14.4154,178.49,5.619,0.190439176059075,15792
25.0,0.23048336301456368,0.6713534343592147,0.16702301800251007,14.4052,178.617,5.623,0.1954916439953362,16450
26.0,0.2327108644169528,0.6726620574933722,0.1665038764476776,14.404,178.63,5.623,0.19665759813447337,17108
27.0,0.23581474059807764,0.6748676424789785,0.16596576571464539,14.3067,179.845,5.662,0.20326467158958414,17766
28.0,0.23677158413716617,0.6749598299901519,0.1655886024236679,14.4878,177.598,5.591,0.20015546055188496,18424
29.0,0.237100621510197,0.6751843772722551,0.16502319276332855,14.3821,178.903,5.632,0.20171006607073455,19082
30.0,0.24228681292669593,0.677744991458301,0.16465836763381958,14.4736,177.772,5.596,0.20481927710843373,19740
31.0,0.24679782639046557,0.6796416434970651,0.1643495112657547,14.261,180.422,5.68,0.20443062572872134,20398
32.0,0.24730023686989264,0.6798394566224143,0.1640038788318634,14.6112,176.098,5.544,0.20481927710843373,21056
33.0,0.24892916625834052,0.6807284700072024,0.16366547346115112,14.4337,178.263,5.612,0.20365332296929653,21714
34.0,0.24973421400330462,0.6817595791862204,0.16315187513828278,14.5666,176.637,5.561,0.2079284881461329,22372
35.0,0.2545496829109658,0.6831271495303116,0.16297747194766998,14.4988,177.463,5.587,0.20870579090555771,23030
36.0,0.2537988900571717,0.6831474533586884,0.1626574844121933,14.676,175.32,5.519,0.20870579090555771,23688
37.0,0.2554963745112012,0.6834336264979685,0.16228148341178894,14.5382,176.982,5.572,0.2129809560823941,24346
38.0,0.2557336132810033,0.6840377513336069,0.16205258667469025,14.4671,177.851,5.599,0.2106490478041197,25004
39.0,0.257067977223277,0.6854093987276831,0.1617140918970108,14.4867,177.611,5.591,0.2129809560823941,25662
40.0,0.2594992423077981,0.6856732642805866,0.16157227754592896,14.5927,176.32,5.551,0.21336960746210648,26320
41.0,0.26271562968878315,0.6867963152507677,0.16127900779247284,14.6463,175.676,5.53,0.21570151574038088,26978
42.0,0.26285499213340974,0.6872115680443032,0.1609029471874237,14.6913,175.138,5.513,0.2153128643606685,27636
43.0,0.2645249221714536,0.687557603686636,0.16080811619758606,14.2372,180.723,5.689,0.21764477263894286,28294
44.0,0.26446413709855177,0.6879098360655738,0.16047069430351257,14.4894,177.578,5.59,0.21764477263894286,28952
45.0,0.2655991083531059,0.688909389093891,0.16015583276748657,14.3258,179.606,5.654,0.21842207539836767,29610
46.0,0.267277713965834,0.6893765024806915,0.15995058417320251,14.4943,177.518,5.588,0.21919937815779247,30268
47.0,0.2675874035520293,0.6899018806214228,0.15987393260002136,14.4997,177.452,5.586,0.21842207539836767,30926
48.0,0.26953305755046325,0.6907347916985366,0.15969185531139374,14.4501,178.061,5.605,0.21997668091721725,31584
49.0,0.26942695457279886,0.6913429183236464,0.15950597822666168,14.314,179.754,5.659,0.21997668091721725,32242
50.0,0.2701102842045285,0.6911112244377582,0.15923741459846497,14.4937,177.526,5.589,0.22230858919549165,32900
51.0,0.27376616242553664,0.6929029630383872,0.15914605557918549,14.6599,175.513,5.525,0.22153128643606684,33558
52.0,0.2723970041419424,0.6923860972377943,0.1589018553495407,14.5055,177.381,5.584,0.22269724057520404,34216
53.0,0.2760738750100086,0.6936721728081321,0.15877537429332733,14.5029,177.413,5.585,0.22464049747376602,34874
54.0,0.2770279507641395,0.6935656426715574,0.15849138796329498,14.31,179.805,5.66,0.22425184609405363,35532
55.0,0.27859331843906077,0.6948738812042311,0.1582983434200287,14.4687,177.832,5.598,0.22308589195491643,36190
56.0,0.27915931265494287,0.6946308724832215,0.1581912636756897,14.4373,178.218,5.61,0.22502914885347844,36848
57.0,0.28322400288888616,0.6952207371405428,0.15820305049419403,14.4564,177.984,5.603,0.22425184609405363,37506
58.0,0.28554332317699394,0.6965314996460714,0.15809080004692078,14.4877,177.599,5.591,0.22580645161290322,38164
59.0,0.28612718295674433,0.696551724137931,0.15779803693294525,14.4619,177.916,5.601,0.22774970851146523,38822
60.0,0.2863074822058199,0.6975186481960725,0.15761305391788483,14.4019,178.657,5.624,0.22852701127089,39480
61.0,0.2873034632574655,0.6974815414180237,0.15752507746219635,14.5185,177.222,5.579,0.2289156626506024,40138
62.0,0.2879660474143668,0.6978723404255319,0.15729965269565582,14.491,177.558,5.59,0.2300816167897396,40796
63.0,0.28852850368768906,0.6976579493145835,0.15732619166374207,14.5226,177.172,5.578,0.22852701127089,41454
64.0,0.28917391126954206,0.6982680036463081,0.15705180168151855,14.6752,175.33,5.52,0.23280217644772638,42112
65.0,0.2900761135026037,0.6989878542510122,0.15698270499706268,14.2919,180.032,5.668,0.2312475709288768,42770
66.0,0.2898029891666068,0.698422360878608,0.15672512352466583,14.5788,176.489,5.556,0.23280217644772638,43428
67.0,0.28923934385046035,0.6985446985446986,0.15666435658931732,14.5306,177.075,5.574,0.22852701127089,44086
68.0,0.2908345423657288,0.6995153473344103,0.15658311545848846,14.3703,179.05,5.637,0.23047026816945201,44744
69.0,0.2928437881019003,0.6998886977638369,0.15640489757061005,14.5719,176.573,5.559,0.2312475709288768,45402
70.0,0.29435499124175774,0.7003339742940998,0.15630054473876953,14.662,175.487,5.524,0.232413525068014,46060
71.0,0.29322997203558887,0.7005352994647005,0.1562827080488205,14.5302,177.079,5.575,0.232413525068014,46718
72.0,0.2934365672581728,0.7005666869054847,0.15607893466949463,14.3003,179.927,5.664,0.23396813058686358,47376
73.0,0.29494853105828284,0.7012842552330872,0.1560181975364685,14.4637,177.894,5.6,0.2335794792071512,48034
74.0,0.2932262485923011,0.701192400970089,0.1559084802865982,14.4747,177.759,5.596,0.23280217644772638,48692
75.0,0.29596558310827953,0.7018022111161594,0.15575554966926575,14.3396,179.433,5.649,0.2308589195491644,49350
76.0,0.2957956067490935,0.7021801520567947,0.15572988986968994,14.4793,177.702,5.594,0.23163622230858918,50008
77.0,0.2942873187016953,0.7011883691529709,0.15558689832687378,14.6081,176.135,5.545,0.23396813058686358,50666
78.0,0.29758067730023174,0.7024193548387097,0.15550877153873444,14.5832,176.436,5.554,0.23319082782743877,51324
79.0,0.29527932273753577,0.7020242914979757,0.15526725351810455,14.4413,178.169,5.609,0.23435678196657597,51982
80.0,0.29720440598389114,0.702893436838391,0.15532448887825012,14.5807,176.466,5.555,0.23280217644772638,52640
81.0,0.29558450359191957,0.702740901519358,0.15511590242385864,14.5414,176.943,5.57,0.2347454333462884,53298
82.0,0.3002065504084986,0.7037857430527588,0.15507493913173676,14.3334,179.511,5.651,0.23552273610571317,53956
83.0,0.29934138449278447,0.7035883003316916,0.155075341463089,14.4763,177.739,5.595,0.2335794792071512,54614
84.0,0.29767363518292045,0.7028010921225604,0.15480494499206543,14.417,178.469,5.618,0.23668869024485037,55272
85.0,0.29968949601240014,0.7035226528246736,0.15484844148159027,14.6822,175.247,5.517,0.23668869024485037,55930
86.0,0.30034132101084304,0.7034232050893668,0.15475152432918549,14.4263,178.355,5.615,0.23746599300427518,56588
87.0,0.3043316164427821,0.7040692989524577,0.15465013682842255,14.3346,179.495,5.651,0.23902059852312477,57246
88.0,0.3051466543134685,0.7051558813193434,0.15466587245464325,14.5714,176.578,5.559,0.23435678196657597,57904
89.0,0.3040521044152308,0.7043346774193548,0.15452654659748077,14.4656,177.87,5.599,0.23902059852312477,58562
90.0,0.3054450761127522,0.7053144954497461,0.15443642437458038,14.3998,178.683,5.625,0.23902059852312477,59220
91.0,0.30597329371337467,0.7054607853033209,0.15424156188964844,14.4739,177.768,5.596,0.24135250680139914,59878
92.0,0.30618850779408635,0.7054259660436294,0.15423864126205444,14.4572,177.974,5.603,0.24096385542168675,60536
93.0,0.3059799208622632,0.7053354890864996,0.15407735109329224,14.3714,179.037,5.636,0.24251846094053633,61194
94.0,0.306437189293798,0.7054384464456407,0.15409868955612183,14.3044,179.874,5.663,0.24212980956082394,61852
95.0,0.30842502732088334,0.7069416498993963,0.15394039452075958,14.5781,176.498,5.556,0.24174115818111155,62510
96.0,0.30677401099772905,0.7058230908724562,0.15395987033843994,14.4534,178.021,5.604,0.24096385542168675,63168
97.0,0.3062978738084595,0.7056150272672187,0.15383179485797882,14.4115,178.538,5.621,0.24135250680139914,63826
98.0,0.3071877006465677,0.705421293272371,0.15386764705181122,14.3583,179.2,5.641,0.23785464438398757,64484
99.0,0.3079052536354255,0.7059711253081141,0.1537395715713501,14.5489,176.852,5.567,0.24368441507967353,65142
100.0,0.30977598913567506,0.7077340842803983,0.15365947782993317,14.5179,177.23,5.579,0.24251846094053633,65800
101.0,0.3087163899246343,0.7067048941200141,0.1535627394914627,14.303,179.892,5.663,0.24368441507967353,66458
102.0,0.3094651614387574,0.7068809643395279,0.15355069935321808,14.569,176.608,5.56,0.24251846094053633,67116
103.0,0.30961560666250765,0.7070696927093794,0.153495192527771,14.5541,176.788,5.565,0.24329576369996114,67774
104.0,0.3107585509994827,0.7074187553367823,0.1533646285533905,14.5541,176.789,5.565,0.24251846094053633,68432
105.0,0.3110719167859119,0.7078979099678456,0.15329378843307495,14.5299,177.084,5.575,0.24446171783909834,69090
106.0,0.3145457990502851,0.7079023998393413,0.15321803092956543,14.2991,179.942,5.665,0.24368441507967353,69748
107.0,0.3134945314852967,0.7077696756349007,0.15315872430801392,14.5544,176.786,5.565,0.24523902059852312,70406
108.0,0.3129180450428549,0.707880981101729,0.15306010842323303,14.5016,177.428,5.586,0.24485036921881073,71064
109.0,0.3147812184455094,0.7086282186417708,0.1530476063489914,14.4531,178.024,5.604,0.24368441507967353,71722
110.0,0.31486023334150576,0.7088582183186951,0.15295182168483734,14.4554,177.996,5.603,0.24485036921881073,72380
111.0,0.3156943232261125,0.7088950137810073,0.15296627581119537,14.4864,177.615,5.591,0.24407306645938592,73038
112.0,0.31534290534718096,0.7091864831038799,0.1529737263917923,14.554,176.79,5.565,0.24135250680139914,73696
113.0,0.31515174515827354,0.7087349397590361,0.15278805792331696,14.4559,177.99,5.603,0.24329576369996114,74354
114.0,0.31434438502919576,0.7090717405492244,0.1527528017759323,14.4357,178.239,5.611,0.24485036921881073,75012
115.0,0.3152810205292156,0.7087743942206391,0.15270662307739258,14.3344,179.498,5.651,0.24368441507967353,75670
116.0,0.3172280731296564,0.7094960851234692,0.15257960557937622,14.51,177.327,5.582,0.24523902059852312,76328
117.0,0.3156129334663824,0.7088798432082014,0.15256062150001526,14.538,176.984,5.572,0.24757092887679752,76986
118.0,0.3166799253041203,0.7094502841623498,0.15241198241710663,14.4732,177.777,5.597,0.2483482316362223,77644
119.0,0.31819137359495175,0.7100977198697068,0.15246982872486115,14.5626,176.685,5.562,0.24485036921881073,78302
120.0,0.31814870691154845,0.7096968782988992,0.15235722064971924,14.0849,182.678,5.751,0.24757092887679752,78960
121.0,0.317213298696518,0.709754997745378,0.1524665504693985,14.5386,176.977,5.571,0.24368441507967353,79618
122.0,0.31842598424151713,0.7098911025242134,0.1522950977087021,14.3314,179.536,5.652,0.24601632335794793,80276
123.0,0.3168395729202393,0.709751702042451,0.15236599743366241,14.5374,176.992,5.572,0.24251846094053633,80934
124.0,0.3201488920534683,0.710434348477284,0.1523277908563614,14.6091,176.123,5.544,0.24368441507967353,81592
125.0,0.318394773442475,0.7103983963918817,0.1521897166967392,14.6778,175.298,5.519,0.24485036921881073,82250
126.0,0.32028803924651456,0.7103775943985996,0.15225693583488464,14.2393,180.698,5.688,0.24329576369996114,82908
127.0,0.3217567786445513,0.7109777444361091,0.15220455825328827,14.5118,177.304,5.582,0.24407306645938592,83566
128.0,0.3194517788053848,0.7107710771077108,0.15212000906467438,14.452,178.038,5.605,0.24407306645938592,84224
129.0,0.31986515819567835,0.7104986218992734,0.15206195414066315,14.3751,178.99,5.635,0.24446171783909834,84882
130.0,0.31923106917932226,0.7107744783306581,0.1519530564546585,14.3814,178.911,5.632,0.2467936261173727,85540
131.0,0.3189874256760183,0.7104801083630161,0.15187682211399078,14.5517,176.818,5.566,0.24601632335794793,86198
132.0,0.32044141025633366,0.7112824106517169,0.15195350348949432,14.5235,177.161,5.577,0.24368441507967353,86856
133.0,0.31979688572920695,0.7108795832498497,0.15191353857517242,14.3018,179.907,5.664,0.24485036921881073,87514
134.0,0.3199053478408629,0.7108819701671839,0.15184073150157928,14.3959,178.732,5.627,0.24329576369996114,88172
135.0,0.319948159429496,0.7101979453770985,0.1517277956008911,14.4264,178.354,5.615,0.24640497473766032,88830
136.0,0.3211920725827488,0.7113872050498472,0.15173721313476562,14.4694,177.823,5.598,0.24640497473766032,89488
137.0,0.3235181467613021,0.7121166716611728,0.15168677270412445,14.3392,179.438,5.649,0.24290711232024872,90146
138.0,0.32201791860907525,0.7120991619410849,0.15151862800121307,14.539,176.972,5.571,0.2483482316362223,90804
139.0,0.32286133886271084,0.7120235776012788,0.15163671970367432,14.4199,178.434,5.617,0.2456276719782355,91462
140.0,0.3218010479529188,0.7117252428156604,0.15159296989440918,14.5351,177.02,5.573,0.2456276719782355,92120
141.0,0.3223490325319251,0.711591375256391,0.15152114629745483,14.5283,177.103,5.575,0.24485036921881073,92778
142.0,0.32296927865154607,0.711128927193466,0.15144237875938416,14.5853,176.41,5.554,0.24757092887679752,93436
143.0,0.32139610646170486,0.7116607420017023,0.15139997005462646,14.4324,178.279,5.612,0.24523902059852312,94094
144.0,0.3231559930721119,0.7120749236239796,0.1513846516609192,14.2792,180.193,5.673,0.2495141857753595,94752
145.0,0.32330149629818766,0.7122780695173794,0.1513960361480713,14.6187,176.007,5.541,0.24757092887679752,95410
146.0,0.3206190147196425,0.7116533614500176,0.15128467977046967,14.6532,175.593,5.528,0.2495141857753595,96068
147.0,0.3233355919925946,0.7124575084983004,0.15131047368049622,14.3937,178.759,5.627,0.24640497473766032,96726
148.0,0.32412408617406474,0.7128266746770802,0.15123490989208221,14.1787,181.469,5.713,0.2510687912942091,97384
149.0,0.32494593789009674,0.7128346259694771,0.15125250816345215,14.7517,174.421,5.491,0.24873688301593472,98042
150.0,0.3242903166952782,0.7130382715433362,0.1512736678123474,14.5042,177.397,5.585,0.24485036921881073,98700
151.0,0.32350235847902076,0.7122136640992298,0.1510957032442093,14.586,176.403,5.553,0.2471822774970851,99358
152.0,0.32457056648877614,0.7123040713105313,0.151083841919899,14.608,176.137,5.545,0.2467936261173727,100016
153.0,0.32528862763004934,0.7128970838761399,0.15103228390216827,14.3728,179.018,5.636,0.2502914885347843,100674
154.0,0.3231865683950093,0.7123698959167334,0.15099425613880157,14.5166,177.245,5.58,0.2479595802565099,101332
155.0,0.32381635300795025,0.7124906132665833,0.1509193480014801,14.6092,176.121,5.544,0.2483482316362223,101990
156.0,0.325067304730041,0.7130634912693251,0.15088190138339996,14.6387,175.767,5.533,0.24640497473766032,102648
157.0,0.3249519488457,0.713679268840833,0.1508830040693283,14.3458,179.355,5.646,0.2495141857753595,103306
158.0,0.32507899057575806,0.7136850535589148,0.15080325305461884,14.1423,181.936,5.727,0.2483482316362223,103964
159.0,0.3272594996873891,0.7137862137862138,0.1508711278438568,14.4905,177.565,5.59,0.24757092887679752,104622
160.0,0.32382046266571274,0.7133566783391696,0.15076349675655365,14.4192,178.442,5.618,0.2499028371550719,105280
161.0,0.3279552991064018,0.7137939635819406,0.15076573193073273,14.5126,177.294,5.581,0.2491255343956471,105938
162.0,0.32595538221191406,0.7133662625355486,0.15080305933952332,14.4065,178.6,5.622,0.2467936261173727,106596
163.0,0.32662540982907085,0.7136365906026864,0.15070709586143494,14.5798,176.477,5.556,0.2499028371550719,107254
164.0,0.3258130091476018,0.713399379565696,0.1506299078464508,14.6106,176.105,5.544,0.2514574426739215,107912
165.0,0.3264549367083365,0.7139005392450569,0.1507815271615982,14.4402,178.184,5.609,0.2483482316362223,108570
166.0,0.32534458818336726,0.7138433879344787,0.15059617161750793,14.3996,178.685,5.625,0.2495141857753595,109228
167.0,0.3287529758341488,0.7143924674936482,0.1506654918193817,14.5019,177.425,5.585,0.24873688301593472,109886
168.0,0.32935049167218033,0.7143141747185975,0.15063323080539703,14.5708,176.586,5.559,0.2483482316362223,110544
169.0,0.3275724276544029,0.7137872594955638,0.15060226619243622,14.3405,179.422,5.648,0.24640497473766032,111202
170.0,0.3289668847252883,0.7144210159015004,0.15053008496761322,14.3575,179.21,5.642,0.24873688301593472,111860
171.0,0.3263113011420617,0.7141216991963261,0.15051139891147614,14.4747,177.758,5.596,0.24757092887679752,112518
172.0,0.32576812703426544,0.7135492266880225,0.15042465925216675,14.4199,178.434,5.617,0.2510687912942091,113176
173.0,0.3270152492581046,0.7142357117855893,0.1504213511943817,14.5109,177.315,5.582,0.2502914885347843,113834
174.0,0.327847538731437,0.7144926812209622,0.1504150778055191,14.4047,178.622,5.623,0.25068013991449667,114492
175.0,0.32849063518762267,0.7143428285857072,0.15040242671966553,14.1824,181.422,5.711,0.2499028371550719,115150
176.0,0.32770050336426393,0.7144141444411147,0.15034525096416473,14.6488,175.646,5.529,0.25068013991449667,115808
177.0,0.32973337804756464,0.7145774191941829,0.15041187405586243,14.4406,178.178,5.609,0.24873688301593472,116466
178.0,0.3290397743874102,0.7146419309794534,0.15037600696086884,14.4226,178.4,5.616,0.2483482316362223,117124
179.0,0.3285287877487608,0.7145572786393196,0.15015919506549835,14.5189,177.218,5.579,0.25301204819277107,117782
180.0,0.33008184103842475,0.7146701215866056,0.15030136704444885,14.3338,179.506,5.651,0.2502914885347843,118440
181.0,0.32935878687465486,0.7144568690095847,0.15013591945171356,14.5178,177.23,5.579,0.25068013991449667,119098
182.0,0.3285718701738869,0.7143356818068256,0.15016813576221466,14.6184,176.012,5.541,0.2502914885347843,119756
183.0,0.3296009606083294,0.7151061173533083,0.15010210871696472,14.4238,178.386,5.616,0.25301204819277107,120414
184.0,0.32849290655904917,0.7148429685937188,0.15005727112293243,14.3691,179.065,5.637,0.2522347454333463,121072
185.0,0.3297651364494541,0.7147852147852148,0.15008726716041565,14.3177,179.708,5.657,0.2510687912942091,121730
186.0,0.32849574249626823,0.7149497675813465,0.15002425014972687,14.3642,179.126,5.639,0.2518460940536339,122388
187.0,0.32880491634561565,0.714627818798643,0.15009623765945435,14.3588,179.193,5.641,0.2483482316362223,123046
188.0,0.3302448535942163,0.7156705976414152,0.14998352527618408,14.5672,176.629,5.56,0.2549553050913331,123704
189.0,0.3302051201737122,0.7155835080363382,0.15000496804714203,14.5969,176.27,5.549,0.2518460940536339,124362
190.0,0.3295427737292491,0.7151968111609367,0.15004903078079224,14.4931,177.532,5.589,0.2491255343956471,125020
191.0,0.33318017377907244,0.7165903206532563,0.14996056258678436,14.46,177.939,5.602,0.2499028371550719,125678
192.0,0.33243083580374094,0.7160001991932673,0.14993004500865936,14.423,178.396,5.616,0.2495141857753595,126336
193.0,0.33035332270826173,0.7152535618212613,0.14996753633022308,14.4188,178.447,5.618,0.2483482316362223,126994
194.0,0.33152080145195545,0.7161480445532191,0.1498352736234665,14.279,180.195,5.673,0.2518460940536339,127652
195.0,0.33043089849103635,0.7162911525203577,0.14982862770557404,14.4205,178.427,5.617,0.2522347454333463,128310
196.0,0.3296198642366687,0.7154983023766727,0.14979282021522522,14.3746,178.996,5.635,0.2518460940536339,128968
197.0,0.3302113385460995,0.7159113595528049,0.1497601568698883,14.2587,180.452,5.681,0.25301204819277107,129626
198.0,0.3307740070993921,0.7159742656226622,0.14978894591331482,14.5981,176.256,5.549,0.2522347454333463,130284
199.0,0.33196910615637276,0.7161084529505582,0.14981813728809357,14.1547,181.777,5.722,0.25068013991449667,130942
200.0,0.33139635080315744,0.7160814046288907,0.1497674584388733,14.6029,176.198,5.547,0.2514574426739215,131600
201.0,0.33377776737081866,0.7167578319244157,0.1498328000307083,14.6354,175.806,5.535,0.2483482316362223,132258
202.0,0.33227022996650596,0.7163226642736066,0.14968156814575195,14.342,179.404,5.648,0.25068013991449667,132916
203.0,0.33411590221525117,0.7168833756787725,0.149742990732193,14.2706,180.301,5.676,0.2510687912942091,133574
204.0,0.3337613878808395,0.7165056280506027,0.14963068068027496,14.4288,178.324,5.614,0.2495141857753595,134232
205.0,0.33307549448180607,0.716282320055905,0.14959056675434113,14.5571,176.752,5.564,0.2518460940536339,134890
206.0,0.3305367401037788,0.7168924661300805,0.14946667850017548,14.4145,178.501,5.619,0.25534395647104546,135548
207.0,0.3317484621176259,0.7165652737608457,0.14954958856105804,14.2643,180.38,5.679,0.2518460940536339,136206
208.0,0.33181516854823156,0.7162364198146118,0.14962922036647797,14.3673,179.087,5.638,0.2510687912942091,136864
209.0,0.33330233028042766,0.7167272908465793,0.14955168962478638,14.5104,177.322,5.582,0.2526233968130587,137522
210.0,0.3346079410427036,0.7171525559105432,0.14940455555915833,14.5055,177.382,5.584,0.2541780023319083,138180
211.0,0.33643283539127566,0.7170337884979567,0.14945784211158752,14.4591,177.95,5.602,0.2510687912942091,138838
212.0,0.33548800488018404,0.7172654690618763,0.14936837553977966,14.4632,177.899,5.6,0.2545666537116207,139496
213.0,0.3369869002542824,0.7176628676653561,0.14942659437656403,14.3432,179.388,5.647,0.2514574426739215,140154
214.0,0.3363305286813756,0.7178054862842893,0.14936485886573792,14.4616,177.919,5.601,0.2545666537116207,140812
215.0,0.33625532579561296,0.7175259792166268,0.149298757314682,14.4428,178.151,5.608,0.2565099106101827,141470
216.0,0.3353741866951158,0.7168154836135082,0.14933860301971436,14.3731,179.015,5.636,0.25340069957248346,142128
217.0,0.3354274123344413,0.717491025129637,0.14933981001377106,14.5863,176.398,5.553,0.25340069957248346,142786
218.0,0.3365466152536735,0.7173252279635258,0.1493675410747528,14.2552,180.495,5.682,0.2518460940536339,143444
219.0,0.3347024105498666,0.7174172977281785,0.14928725361824036,14.3011,179.917,5.664,0.2541780023319083,144102
220.0,0.33573160110877903,0.717355536720347,0.14926926791667938,14.5339,177.034,5.573,0.2545666537116207,144760
221.0,0.33727455893791963,0.7170224411603722,0.14937275648117065,14.6467,175.67,5.53,0.25068013991449667,145418
222.0,0.33614365575753186,0.7171561051004637,0.1492871791124344,14.4986,177.466,5.587,0.2541780023319083,146076
223.0,0.33688795791862836,0.717567162688505,0.14922399818897247,14.6288,175.886,5.537,0.25573260785075785,146734
224.0,0.33788744193114123,0.7176529090004973,0.14929458498954773,14.4622,177.913,5.601,0.2526233968130587,147392
225.0,0.33766902859853326,0.7175656158175208,0.1492282748222351,14.5953,176.289,5.55,0.25068013991449667,148050
226.0,0.3359397226102855,0.7175191943364244,0.14919176697731018,14.306,179.855,5.662,0.2545666537116207,148708
227.0,0.33742227248481743,0.7179818887451488,0.14922663569450378,14.443,178.149,5.608,0.2522347454333463,149366
228.0,0.33909697723730925,0.7179843959648163,0.149189755320549,14.3461,179.352,5.646,0.2522347454333463,150024
229.0,0.33656900558188285,0.7177415332435533,0.14907845854759216,14.3897,178.808,5.629,0.2549553050913331,150682
230.0,0.33681685141736334,0.7178158628935831,0.14904747903347015,14.4458,178.114,5.607,0.2541780023319083,151340
231.0,0.3363482042187757,0.7176517571884984,0.1490131914615631,14.4666,177.858,5.599,0.25534395647104546,151998
232.0,0.3364679099816322,0.7179027113237639,0.14909330010414124,14.3932,178.765,5.628,0.25534395647104546,152656
233.0,0.33845098697251264,0.7186893083013794,0.14911434054374695,14.3433,179.386,5.647,0.25534395647104546,153314
234.0,0.3366128999002338,0.71757249089185,0.14899230003356934,14.5241,177.154,5.577,0.2537893509521959,153972
235.0,0.3356625607235986,0.7175191943364244,0.14904944598674774,14.2866,180.099,5.67,0.2526233968130587,154630
236.0,0.3374719033850877,0.7178720860729229,0.1490362584590912,14.5985,176.251,5.549,0.2518460940536339,155288
237.0,0.33692668083185146,0.7179615039393638,0.1490037590265274,14.2898,180.058,5.668,0.25340069957248346,155946
238.0,0.3366017888109203,0.7174097135740971,0.14901141822338104,14.3412,179.413,5.648,0.2526233968130587,156604
239.0,0.3377406924458641,0.7178365480214755,0.14904816448688507,14.4407,178.177,5.609,0.2510687912942091,157262
240.0,0.3367386178156633,0.7179793752802272,0.1489454060792923,14.1964,181.243,5.706,0.25340069957248346,157920
241.0,0.3381031354449013,0.718397375354178,0.14897406101226807,14.4606,177.932,5.601,0.2514574426739215,158578
242.0,0.33747525547109186,0.7185676524861603,0.14881446957588196,14.5837,176.43,5.554,0.25534395647104546,159236
243.0,0.3370310518497063,0.7181917972258257,0.14889003336429596,14.4497,178.066,5.606,0.25534395647104546,159894
244.0,0.33811148966254845,0.71832387777446,0.1488657146692276,14.4367,178.226,5.611,0.25301204819277107,160552
245.0,0.33636802003257293,0.7175313327008539,0.14884239435195923,14.6555,175.565,5.527,0.25340069957248346,161210
246.0,0.33742838394694497,0.718333664744482,0.14889340102672577,14.4552,177.999,5.604,0.2522347454333463,161868
247.0,0.337936401990175,0.7187375547590601,0.14883536100387573,14.4098,178.559,5.621,0.2541780023319083,162526
248.0,0.33695777929744875,0.7183583803484946,0.14878807961940765,14.3278,179.581,5.653,0.2568985619898951,163184
249.0,0.33731087159741757,0.7181017758543501,0.14884012937545776,14.3168,179.719,5.658,0.2510687912942091,163842
250.0,0.33831691834223054,0.7183084577114428,0.1487639993429184,14.598,176.257,5.549,0.2537893509521959,164500
251.0,0.33871422919252936,0.7191726332537789,0.14881345629692078,14.2343,180.76,5.69,0.2541780023319083,165158
252.0,0.3376118743872579,0.7184475705876484,0.14870189130306244,14.4184,178.453,5.618,0.25612125923047024,165816
253.0,0.33917901406043693,0.7185974698675167,0.14871463179588318,14.4122,178.53,5.62,0.2549553050913331,166474
254.0,0.337421069715233,0.7182650218861918,0.14878371357917786,14.731,174.666,5.499,0.25068013991449667,167132
255.0,0.3377230022093698,0.7183441962286681,0.14866621792316437,14.6148,176.054,5.542,0.25301204819277107,167790
256.0,0.3386792730209478,0.718807453416149,0.14871138334274292,14.4282,178.332,5.614,0.2514574426739215,168448
257.0,0.33888437674890226,0.7186676609495402,0.1486792266368866,14.5558,176.768,5.565,0.2537893509521959,169106
258.0,0.33946927545331496,0.7187064676616916,0.14867566525936127,14.4212,178.418,5.617,0.25573260785075785,169764
259.0,0.33729798292618807,0.7179231650804724,0.1486329436302185,14.3136,179.759,5.659,0.2549553050913331,170422
260.0,0.33893056458302695,0.7189081885856079,0.14866165816783905,14.5167,177.244,5.58,0.2526233968130587,171080
261.0,0.3385420085352499,0.7186224743704589,0.1486891806125641,14.4351,178.246,5.611,0.2545666537116207,171738
262.0,0.33720678413952226,0.718552126439647,0.14863678812980652,14.4551,178.0,5.604,0.2565099106101827,172396
263.0,0.3379620807660971,0.7187468920934859,0.14866986870765686,14.5229,177.169,5.577,0.2537893509521959,173054
264.0,0.33859750961867996,0.7189659458115834,0.14860865473747253,14.6771,175.307,5.519,0.25534395647104546,173712
265.0,0.3380213841878019,0.7184524106297053,0.14852477610111237,14.3861,178.853,5.63,0.2568985619898951,174370
266.0,0.33838819508010437,0.718986083499006,0.1485602855682373,14.6589,175.525,5.526,0.2526233968130587,175028
267.0,0.3385275711605051,0.7190004480063716,0.14853663742542267,14.5385,176.979,5.571,0.2549553050913331,175686
268.0,0.3388832871345724,0.7193671956619073,0.1485612988471985,14.3744,178.999,5.635,0.25573260785075785,176344
269.0,0.3396909747019745,0.7186848117611999,0.14860054850578308,14.4875,177.602,5.591,0.2522347454333463,177002
270.0,0.3391988016824512,0.7194594863132794,0.14851540327072144,14.3884,178.825,5.63,0.2537893509521959,177660
271.0,0.3388959232523703,0.7190074441687345,0.14858926832675934,14.2969,179.969,5.666,0.2514574426739215,178318
272.0,0.3382172428953433,0.7186069651741294,0.14849615097045898,14.584,176.426,5.554,0.25573260785075785,178976
273.0,0.3384151447670933,0.7188059701492537,0.14848896861076355,14.2155,181.0,5.698,0.2545666537116207,179634
274.0,0.3378617501517251,0.7189913788807495,0.14844299852848053,14.5287,177.098,5.575,0.25534395647104546,180292
275.0,0.338227423786713,0.7189347642470314,0.14848515391349792,14.6304,175.866,5.536,0.25340069957248346,180950
276.0,0.3381920748020486,0.7189210709664576,0.1484980583190918,14.4167,178.474,5.618,0.2541780023319083,181608
277.0,0.33838876069396673,0.7188775002487809,0.1484721153974533,14.4714,177.799,5.597,0.2541780023319083,182266
278.0,0.33930429585168853,0.7192545345824197,0.14839613437652588,14.4767,177.734,5.595,0.2549553050913331,182924
279.0,0.33967414374734906,0.719084349340632,0.14842939376831055,14.402,178.655,5.624,0.2541780023319083,183582
280.0,0.3394732211925607,0.7195851615476665,0.14840063452720642,14.5186,177.221,5.579,0.2568985619898951,184240
281.0,0.3398219767834321,0.7192755498059509,0.1483771800994873,14.5339,177.035,5.573,0.2565099106101827,184898
282.0,0.3399302673326819,0.7193951151569418,0.14836305379867554,14.582,176.451,5.555,0.25534395647104546,185556
283.0,0.3404474835901379,0.7195219123505976,0.1482941061258316,14.6261,175.919,5.538,0.2565099106101827,186214
284.0,0.33829098825085857,0.7187686790197251,0.14829881489276886,14.2319,180.791,5.691,0.2549553050913331,186872
285.0,0.33900494641745554,0.7187375547590601,0.1482919454574585,14.4269,178.347,5.615,0.25340069957248346,187530
286.0,0.34165383757785633,0.7192250372578242,0.14837491512298584,14.4262,178.356,5.615,0.2541780023319083,188188
287.0,0.34010605171603087,0.7194144301150227,0.1483272761106491,14.3252,179.614,5.654,0.2568985619898951,188846
288.0,0.3400609278709284,0.7199086712661935,0.1483636051416397,14.5189,177.218,5.579,0.2522347454333463,189504
289.0,0.3406516340593571,0.7198766721368541,0.1482987254858017,14.1595,181.715,5.721,0.25573260785075785,190162
290.0,0.339351970033508,0.7192991189208024,0.14831796288490295,14.404,178.631,5.623,0.2545666537116207,190820
291.0,0.3405577289416363,0.71990441103256,0.14824265241622925,14.3105,179.799,5.66,0.25573260785075785,191478
292.0,0.3392558275372256,0.7191907111177556,0.14819280803203583,14.6829,175.238,5.517,0.25573260785075785,192136
293.0,0.33980031605067773,0.719147028050421,0.14822424948215485,14.4226,178.4,5.616,0.2549553050913331,192794
294.0,0.3396443921757551,0.7197930657115853,0.1482529640197754,14.4752,177.752,5.596,0.2565099106101827,193452
295.0,0.339875761325472,0.7196177963571215,0.1482028067111969,14.4803,177.69,5.594,0.2549553050913331,194110
296.0,0.3417731656704175,0.7202345458159412,0.1482512503862381,14.692,175.129,5.513,0.25573260785075785,194768
297.0,0.3394640329623906,0.7193829310773824,0.14821989834308624,14.6002,176.23,5.548,0.25534395647104546,195426
298.0,0.34131067808149373,0.7198887895938835,0.1482653021812439,14.3793,178.938,5.633,0.2526233968130587,196084
299.0,0.34205628065586946,0.7201190771520715,0.14823143184185028,14.3905,178.799,5.629,0.2541780023319083,196742
300.0,0.342344236697746,0.7204050230803594,0.14818550646305084,14.2949,179.994,5.666,0.25340069957248346,197400
301.0,0.3419657792391,0.7197772141827042,0.14813284575939178,14.361,179.166,5.64,0.25573260785075785,198058
302.0,0.34109198554655623,0.7200557796703023,0.14807672798633575,14.3026,179.898,5.663,0.25573260785075785,198716
303.0,0.34197948663707206,0.7199444058373871,0.14819973707199097,14.5357,177.012,5.572,0.2549553050913331,199374
304.0,0.34156065068622454,0.720183029941311,0.1481110155582428,14.3269,179.592,5.654,0.2565099106101827,200032
305.0,0.3416593225285195,0.7202428343949044,0.14809446036815643,14.5225,177.173,5.578,0.25612125923047024,200690
306.0,0.3425052038976787,0.7200596569724087,0.14810146391391754,14.3914,178.787,5.628,0.25573260785075785,201348
307.0,0.34172907168852745,0.72041353944033,0.1481139212846756,14.4852,177.63,5.592,0.25573260785075785,202006
308.0,0.3422183518813272,0.7206115965051628,0.14812077581882477,14.5712,176.582,5.559,0.25612125923047024,202664
309.0,0.342072756005379,0.7197572622363708,0.14814136922359467,14.482,177.669,5.593,0.25612125923047024,203322
310.0,0.34335916003257305,0.7211080222398729,0.1480908840894699,14.6675,175.422,5.522,0.25534395647104546,203980
311.0,0.34349492701058315,0.720734126984127,0.14805370569229126,14.2649,180.372,5.678,0.25534395647104546,204638
312.0,0.3428882313942803,0.7203697261839686,0.14800423383712769,14.4871,177.607,5.591,0.2545666537116207,205296
313.0,0.34347583466469334,0.7209094519459889,0.14802765846252441,14.5061,177.374,5.584,0.2549553050913331,205954
314.0,0.3419251985993704,0.7208550832711906,0.14799219369888306,14.637,175.787,5.534,0.2565099106101827,206612
315.0,0.3426776380245612,0.7202185792349727,0.14798329770565033,14.4338,178.263,5.612,0.25534395647104546,207270
316.0,0.34400473369236845,0.720852963054798,0.14807873964309692,14.3922,178.778,5.628,0.2549553050913331,207928
317.0,0.3422341479547286,0.7202825027355019,0.14792263507843018,14.3714,179.036,5.636,0.2565099106101827,208586
318.0,0.342250523980315,0.7202828544395199,0.1479203850030899,14.6951,175.093,5.512,0.25728721336960747,209244
319.0,0.34252663164594677,0.7201273505123869,0.14791864156723022,14.506,177.374,5.584,0.2568985619898951,209902
320.0,0.3432111388120991,0.7205611661111387,0.14791163802146912,14.4528,178.028,5.604,0.25612125923047024,210560
321.0,0.3433217724296478,0.7205209783257108,0.14795255661010742,14.4526,178.03,5.605,0.25612125923047024,211218
322.0,0.34168609610659,0.7204456159546426,0.14789707958698273,14.1742,181.526,5.715,0.25728721336960747,211876
323.0,0.3410967636533647,0.7198567449263829,0.14793498814105988,14.586,176.403,5.553,0.2565099106101827,212534
324.0,0.34415262753759757,0.7207985697258641,0.14787223935127258,14.3617,179.157,5.64,0.25728721336960747,213192
325.0,0.3416958739418116,0.72036640613332,0.14789409935474396,14.497,177.485,5.587,0.25806451612903225,213850
326.0,0.341807310123352,0.7204900886542485,0.14783377945423126,14.5363,177.005,5.572,0.2565099106101827,214508
327.0,0.34345725452344894,0.7209221443831669,0.14785908162593842,14.3682,179.076,5.637,0.25806451612903225,215166
328.0,0.3436511799805986,0.7206320810971973,0.14785687625408173,14.4133,178.516,5.62,0.25612125923047024,215824
329.0,0.34281610988818384,0.7205685037022312,0.1478181928396225,14.4451,178.122,5.607,0.25728721336960747,216482
330.0,0.3428785233432568,0.7208677480346303,0.14780260622501373,14.8131,173.698,5.468,0.25884181888845703,217140
331.0,0.34151716575909524,0.7204295729130413,0.14781752228736877,14.4016,178.661,5.624,0.25728721336960747,217798
332.0,0.34282369419247527,0.7207314649175114,0.14780935645103455,14.5932,176.315,5.551,0.25767586474931986,218456
333.0,0.34307897631949635,0.7211729622266402,0.14779280126094818,14.5525,176.808,5.566,0.25845316750874464,219114
334.0,0.34348224035870056,0.7207028341688589,0.14784972369670868,14.6428,175.718,5.532,0.25728721336960747,219772
335.0,0.3428948949132397,0.7211060274517604,0.1477837860584259,14.6393,175.76,5.533,0.2592304702681695,220430
336.0,0.343567341997816,0.7209741550695825,0.14774557948112488,14.427,178.346,5.614,0.25767586474931986,221088
337.0,0.34309821452648376,0.7204573701217997,0.14778682589530945,14.5854,176.409,5.553,0.2565099106101827,221746
338.0,0.3428453776566097,0.7206437512418041,0.14777711033821106,14.638,175.776,5.534,0.2568985619898951,222404
339.0,0.3418502660981613,0.7203706471379465,0.14776265621185303,14.1889,181.339,5.709,0.25767586474931986,223062
340.0,0.34257700192031143,0.7205172842576474,0.14774300158023834,14.4976,177.478,5.587,0.25767586474931986,223720
341.0,0.34450850300467206,0.7211762952660077,0.14772874116897583,14.5084,177.346,5.583,0.25612125923047024,224378
342.0,0.3430837119854913,0.720640923566879,0.14765557646751404,14.6403,175.748,5.533,0.2565099106101827,225036
343.0,0.3428549185783561,0.7210539398458862,0.14768673479557037,14.4458,178.114,5.607,0.25806451612903225,225694
344.0,0.343411552351322,0.7208237986270023,0.14769762754440308,14.3332,179.514,5.651,0.25767586474931986,226352
345.0,0.3443791340658843,0.7211060274517604,0.14769886434078217,14.3866,178.848,5.63,0.2592304702681695,227010
346.0,0.34368247972809857,0.7205845802057961,0.14771637320518494,14.3219,179.655,5.656,0.2568985619898951,227668
347.0,0.34470235064196847,0.7208262985400735,0.14773933589458466,14.6066,176.153,5.545,0.25728721336960747,228326
348.0,0.3440902016825366,0.7213554605982312,0.1476716846227646,14.4281,178.332,5.614,0.25767586474931986,228984
349.0,0.3443018330022462,0.7211208823967804,0.14765168726444244,14.2997,179.933,5.664,0.25767586474931986,229642
350.0,0.3450210283061973,0.7214026722296727,0.14763785898685455,14.5045,177.393,5.584,0.25806451612903225,230300
351.0,0.34450011125772606,0.7210445315990667,0.147658571600914,14.4741,177.766,5.596,0.2565099106101827,230958
352.0,0.34443372232872094,0.7212187375942835,0.14769645035266876,14.4889,177.584,5.59,0.25806451612903225,231616
353.0,0.3439576446107072,0.7208227753763601,0.14767196774482727,14.4397,178.189,5.61,0.25728721336960747,232274
354.0,0.34615142394910225,0.7217322366465166,0.14770740270614624,14.4791,177.704,5.594,0.2565099106101827,232932
355.0,0.3439351685538685,0.7213440699870762,0.14758044481277466,14.2935,180.012,5.667,0.25767586474931986,233590
356.0,0.3435791865653998,0.7211161312745147,0.14765959978103638,14.4173,178.466,5.618,0.25806451612903225,234248
357.0,0.34358439793275297,0.7209348582794629,0.14764997363090515,14.4161,178.481,5.619,0.25806451612903225,234906
358.0,0.3437893310344604,0.7215736923153345,0.14762680232524872,14.3982,178.703,5.626,0.25884181888845703,235564
359.0,0.3436005916944809,0.7210458296053286,0.1476149559020996,14.5598,176.719,5.563,0.2568985619898951,236222
360.0,0.34456848119482403,0.7214367217343851,0.14767391979694366,14.3082,179.827,5.661,0.25728721336960747,236880
361.0,0.34572201079769577,0.7212058108979127,0.14768005907535553,14.35,179.304,5.645,0.25806451612903225,237538
362.0,0.34399816310758197,0.7212039934436001,0.14762039482593536,14.598,176.257,5.549,0.2565099106101827,238196
363.0,0.34407463364311414,0.7215233928305076,0.147491917014122,14.2307,180.806,5.692,0.2592304702681695,238854
364.0,0.3444814450883252,0.7213651470807083,0.14756028354167938,14.5408,176.95,5.571,0.2568985619898951,239512
365.0,0.3456984842863253,0.7211371204214502,0.1474786102771759,14.4946,177.515,5.588,0.25767586474931986,240170
366.0,0.34578193038222643,0.7212756445283394,0.14752605557441711,14.3193,179.687,5.657,0.25767586474931986,240828
367.0,0.34534327904343004,0.721469347232564,0.1475464105606079,14.5507,176.829,5.567,0.25728721336960747,241486
368.0,0.3447550173573953,0.7213342599027102,0.14755137264728546,14.2011,181.183,5.704,0.2565099106101827,242144
369.0,0.34498229398697067,0.7214516529952771,0.14751406013965607,14.3802,178.926,5.633,0.25767586474931986,242802
370.0,0.34481000255002214,0.7213505461767626,0.1475074589252472,14.4475,178.093,5.607,0.25767586474931986,243460
371.0,0.34528830369816116,0.721516474791584,0.14749132096767426,14.4115,178.538,5.62,0.25767586474931986,244118
372.0,0.3442996210883431,0.7211175183933187,0.14754284918308258,14.503,177.412,5.585,0.25767586474931986,244776
373.0,0.34566157944751047,0.72176417999404,0.147497296333313,14.3043,179.876,5.663,0.25767586474931986,245434
374.0,0.345733135754941,0.7215982506709074,0.14748044312000275,14.3641,179.127,5.639,0.25767586474931986,246092
375.0,0.34573428308683213,0.7216013510157453,0.1474667340517044,14.544,176.912,5.569,0.25806451612903225,246750
376.0,0.3448946400901754,0.7214044161527751,0.14744730293750763,14.5143,177.274,5.581,0.2568985619898951,247408
377.0,0.34497865028006286,0.7213962508080155,0.14744699001312256,14.5538,176.792,5.566,0.25728721336960747,248066
378.0,0.34493038823053307,0.7215409819788512,0.14753125607967377,14.7292,174.687,5.499,0.25806451612903225,248724
379.0,0.3436758104008564,0.7211026521371349,0.14746162295341492,14.6841,175.224,5.516,0.25806451612903225,249382
380.0,0.34424721585462986,0.7210283388753784,0.14756938815116882,14.459,177.952,5.602,0.2592304702681695,250040
381.0,0.34535386707880056,0.7217753946976467,0.1474810242652893,14.6123,176.085,5.543,0.2592304702681695,250698
382.0,0.3435102446968127,0.7213685414491023,0.14747925102710724,14.4661,177.865,5.599,0.25806451612903225,251356
383.0,0.3445107619875451,0.7213767034716005,0.14741730690002441,14.4262,178.356,5.615,0.25845316750874464,252014
384.0,0.34583981710892847,0.7216310293386375,0.14738813042640686,14.7067,174.954,5.508,0.25845316750874464,252672
385.0,0.3447325309799067,0.7213962508080155,0.14740301668643951,14.3537,179.256,5.643,0.25806451612903225,253330
386.0,0.34552663253334337,0.7218276632729079,0.1474054604768753,14.4354,178.243,5.611,0.25845316750874464,253988
387.0,0.34590309769203276,0.7215089081317806,0.1473512053489685,14.3046,179.872,5.663,0.25845316750874464,254646
388.0,0.3459941171567658,0.7218552912549039,0.1474187821149826,14.3813,178.913,5.632,0.25806451612903225,255304
389.0,0.34567877500656985,0.7216064416720513,0.14739367365837097,14.465,177.877,5.6,0.25845316750874464,255962
390.0,0.34592339635737246,0.7217210270645386,0.14747761189937592,14.6616,175.492,5.525,0.2568985619898951,256620
391.0,0.34612946491800034,0.7219710893646615,0.1473371684551239,14.6282,175.893,5.537,0.2592304702681695,257278
392.0,0.34680701606988357,0.7220456802383317,0.1473662257194519,14.5137,177.28,5.581,0.25767586474931986,257936
393.0,0.3462069207148712,0.7219846872824898,0.14735470712184906,14.4791,177.704,5.594,0.25884181888845703,258594
394.0,0.34753902896290934,0.7222387320455671,0.1474439650774002,14.4339,178.261,5.612,0.25767586474931986,259252
395.0,0.3478929430109067,0.7218306363546113,0.1473572701215744,14.5023,177.421,5.585,0.25767586474931986,259910
396.0,0.3473536014101492,0.7218999454608558,0.14736206829547882,14.6563,175.556,5.527,0.25728721336960747,260568
397.0,0.34597569218721386,0.722018075280564,0.14733925461769104,14.6097,176.116,5.544,0.25845316750874464,261226
398.0,0.3471597500393327,0.7222442899702085,0.1473141312599182,14.1383,181.988,5.729,0.25884181888845703,261884
399.0,0.3471919542200232,0.722095219163105,0.14731723070144653,14.4382,178.207,5.61,0.25961912164788187,262542
400.0,0.34592204408016863,0.722252569896211,0.14735309779644012,14.4014,178.663,5.624,0.25884181888845703,263200
401.0,0.3471581690459195,0.7224783147459728,0.1473505198955536,14.4465,178.105,5.607,0.25806451612903225,263858
402.0,0.3478531743994827,0.722310440651052,0.14732396602630615,14.6234,175.951,5.539,0.25728721336960747,264516
403.0,0.3493686330072137,0.7223212517330164,0.14736512303352356,14.3618,179.156,5.64,0.25845316750874464,265174
404.0,0.3461157389040402,0.7218418180013894,0.1473594754934311,14.4814,177.677,5.593,0.25806451612903225,265832
405.0,0.3450126390527316,0.721697644369347,0.14729738235473633,14.5279,177.108,5.575,0.25806451612903225,266490
406.0,0.34617706275368787,0.7219017306544658,0.14723114669322968,14.4913,177.554,5.59,0.25884181888845703,267148
407.0,0.34763612508330916,0.7226907431292787,0.14729814231395721,14.4942,177.52,5.588,0.25884181888845703,267806
408.0,0.34679107430546297,0.7219575143934882,0.14726735651493073,14.6347,175.815,5.535,0.25961912164788187,268464
409.0,0.3471645756590243,0.7221477842290706,0.14729177951812744,14.4724,177.786,5.597,0.25767586474931986,269122
410.0,0.34714680204341775,0.7222194649858554,0.14733988046646118,14.4766,177.735,5.595,0.26000777302759426,269780
411.0,0.3474225227168248,0.7226331728143772,0.14729245007038116,14.5997,176.236,5.548,0.2592304702681695,270438
412.0,0.3473827495772548,0.7223711647304141,0.14726680517196655,14.3738,179.006,5.635,0.25845316750874464,271096
413.0,0.3480236325038084,0.7226740726046419,0.1472441554069519,14.6252,175.929,5.538,0.25845316750874464,271754
414.0,0.34611753806795065,0.7219070369264458,0.147226482629776,14.3606,179.171,5.64,0.26000777302759426,272412
415.0,0.3468202826759508,0.722459521207907,0.1472453624010086,14.3409,179.416,5.648,0.2592304702681695,273070
416.0,0.34717869123257517,0.7225806451612903,0.14726519584655762,14.6447,175.695,5.531,0.2592304702681695,273728
417.0,0.34675744344335757,0.7226139636508094,0.14723117649555206,14.3354,179.485,5.65,0.2592304702681695,274386
418.0,0.3464682371697305,0.7225812866660037,0.14720655977725983,14.401,178.668,5.625,0.26000777302759426,275044
419.0,0.34628945923764703,0.722255369928401,0.14717763662338257,14.6114,176.095,5.544,0.2592304702681695,275702
420.0,0.3463248144933797,0.7222608522896593,0.14721375703811646,14.2811,180.168,5.672,0.25884181888845703,276360
421.0,0.34661189850202345,0.7224043715846995,0.14718474447727203,14.6395,175.758,5.533,0.2592304702681695,277018
422.0,0.3473354549207439,0.7223492000397496,0.14717230200767517,14.4271,178.345,5.614,0.26039642440730665,277676
423.0,0.34734503451786763,0.7220374323586357,0.1472797989845276,14.2646,180.377,5.678,0.25728721336960747,278334
424.0,0.34698638681168303,0.7220758562409902,0.14719258248806,14.6499,175.633,5.529,0.2592304702681695,278992
425.0,0.3471518320235766,0.7222001193554805,0.1470671445131302,14.2644,180.379,5.678,0.25961912164788187,279650
426.0,0.34704677998388805,0.7228533161367131,0.14722588658332825,14.5634,176.676,5.562,0.2592304702681695,280308
427.0,0.34845194120888195,0.7230219398391741,0.1471378058195114,14.4629,177.903,5.601,0.25961912164788187,280966
428.0,0.3479095064570868,0.7227290757635859,0.14716045558452606,14.5167,177.244,5.58,0.25845316750874464,281624
429.0,0.34794666274185093,0.7225255633872729,0.14715322852134705,14.5111,177.313,5.582,0.25884181888845703,282282
430.0,0.34799312092006496,0.7229967749937981,0.14717139303684235,14.2355,180.746,5.69,0.25845316750874464,282940
431.0,0.347565659255218,0.72248708780294,0.1471419632434845,14.6265,175.913,5.538,0.25961912164788187,283598
432.0,0.34792205857608843,0.7226940843391447,0.1470784842967987,14.4526,178.031,5.605,0.25884181888845703,284256
433.0,0.34718211633020063,0.7222194600507135,0.14707998931407928,14.369,179.066,5.637,0.2592304702681695,284914
434.0,0.3475149541436925,0.7224787725309102,0.14712312817573547,14.6157,176.043,5.542,0.25845316750874464,285572
435.0,0.34907254106004565,0.7232164989341133,0.14716105163097382,14.4203,178.429,5.617,0.25806451612903225,286230
436.0,0.34925040924065626,0.722737416315398,0.14713427424430847,14.3512,179.288,5.644,0.25961912164788187,286888
437.0,0.3490021190227276,0.7230242595624349,0.1470816284418106,14.4055,178.612,5.623,0.25884181888845703,287546
438.0,0.34869655575005204,0.723112809568713,0.14704306423664093,14.2996,179.935,5.665,0.25961912164788187,288204
439.0,0.3481699162553814,0.7227541048663129,0.147102490067482,14.465,177.877,5.6,0.25884181888845703,288862
440.0,0.348492764348737,0.7229179089644205,0.1470506489276886,14.542,176.936,5.57,0.26000777302759426,289520
441.0,0.3481685348353926,0.722738337721695,0.14705196022987366,14.3735,179.009,5.635,0.25884181888845703,290178
442.0,0.3472758334944121,0.7224897006998561,0.14705301821231842,14.5681,176.619,5.56,0.2592304702681695,290836
443.0,0.3468302613059872,0.7227491681978447,0.14704382419586182,14.4886,177.587,5.591,0.25845316750874464,291494
444.0,0.3484193740508945,0.723123480676688,0.1470622718334198,14.3232,179.639,5.655,0.25884181888845703,292152
445.0,0.34865802497593484,0.7225396194545184,0.14700216054916382,14.7274,174.709,5.5,0.2592304702681695,292810
446.0,0.34834989858767434,0.7227767019216446,0.14704295992851257,14.4411,178.172,5.609,0.2592304702681695,293468
447.0,0.349032471473642,0.7228784119106699,0.14702600240707397,14.4264,178.353,5.615,0.25884181888845703,294126
448.0,0.34743373605920497,0.7229501687512409,0.14702177047729492,14.6357,175.803,5.534,0.25961912164788187,294784
449.0,0.3484763826761565,0.7228258173339287,0.14709262549877167,14.3419,179.405,5.648,0.2592304702681695,295442
450.0,0.34870296017670177,0.7230792123406578,0.14710620045661926,14.6422,175.725,5.532,0.25884181888845703,296100
451.0,0.3488965888852191,0.7229142885503003,0.1470169872045517,14.5582,176.739,5.564,0.26000777302759426,296758
452.0,0.34895051319651155,0.7229250384481818,0.14704629778862,14.3755,178.984,5.635,0.2592304702681695,297416
453.0,0.3488135539843814,0.7227599900719781,0.1469811499118805,14.6973,175.066,5.511,0.2592304702681695,298074
454.0,0.3486340963302517,0.7229082973763825,0.14698781073093414,14.4343,178.255,5.612,0.2592304702681695,298732
455.0,0.3479533258831049,0.7228592702903947,0.14697571098804474,14.5291,177.093,5.575,0.25884181888845703,299390
456.0,0.3475539889890405,0.7225864123957092,0.1469770222902298,14.4797,177.697,5.594,0.26000777302759426,300048
457.0,0.3477717716246475,0.7227708033543393,0.14702320098876953,14.3996,178.685,5.625,0.2592304702681695,300706
458.0,0.3473858655338809,0.7227299821180211,0.14702638983726501,14.4875,177.601,5.591,0.2592304702681695,301364
459.0,0.3468810007776988,0.7222968602278947,0.1469578742980957,14.4254,178.366,5.615,0.26000777302759426,302022
460.0,0.3482946064539726,0.7228150280410939,0.14695915579795837,14.3629,179.142,5.64,0.2592304702681695,302680
461.0,0.3492261114332847,0.7229501687512409,0.1469300538301468,14.4291,178.32,5.614,0.2592304702681695,303338
462.0,0.3481549471546815,0.7227742448330684,0.14692257344722748,14.278,180.207,5.673,0.25961912164788187,303996
463.0,0.34866857673208285,0.7229776674937965,0.14697597920894623,14.3923,178.777,5.628,0.25961912164788187,304654
464.0,0.3489951460880334,0.7231784137691583,0.14700351655483246,14.5148,177.268,5.581,0.2592304702681695,305312
465.0,0.34809810775297345,0.7226440375167485,0.14698365330696106,14.3372,179.463,5.65,0.25845316750874464,305970
466.0,0.3489150795886313,0.7233915806195393,0.14695455133914948,14.5507,176.83,5.567,0.25884181888845703,306628
467.0,0.3502601359139448,0.7232545463554829,0.14702273905277252,14.3723,179.025,5.636,0.26000777302759426,307286
468.0,0.3483765779964437,0.7232395414619622,0.14697112143039703,14.1945,181.268,5.706,0.25884181888845703,307944
469.0,0.3479286662488523,0.7228592702903947,0.14699943363666534,14.4776,177.723,5.595,0.25845316750874464,308602
470.0,0.3489884287433366,0.7230028300481605,0.1469458043575287,14.49,177.571,5.59,0.26078507578701904,309260
471.0,0.34825932529275966,0.7228700441621595,0.14697134494781494,14.2477,180.591,5.685,0.25961912164788187,309918
472.0,0.34933248159314506,0.723172242874845,0.14698663353919983,14.5791,176.486,5.556,0.25961912164788187,310576
473.0,0.34757389187751153,0.722820958529923,0.14692862331867218,14.3288,179.568,5.653,0.26039642440730665,311234
474.0,0.34784325961389734,0.7226397252774598,0.1469302624464035,14.5589,176.73,5.564,0.26078507578701904,311892
475.0,0.3478697426722473,0.722649848537518,0.1469295173883438,14.6058,176.163,5.546,0.25845316750874464,312550
476.0,0.34839157022375605,0.722562036898901,0.14687450230121613,14.5336,177.038,5.573,0.26039642440730665,313208
477.0,0.3477443542463152,0.7228017883755589,0.1469099223613739,14.5516,176.82,5.566,0.25961912164788187,313866
478.0,0.34959686694596803,0.72316776658562,0.14693759381771088,14.359,179.191,5.641,0.25961912164788187,314524
479.0,0.34850558652450253,0.7227284042818023,0.14679735898971558,14.2272,180.85,5.693,0.2615623785464438,315182
480.0,0.347958106620035,0.7228125931075579,0.14689426124095917,14.651,175.619,5.529,0.26039642440730665,315840
481.0,0.34832383975552805,0.7225037257824143,0.14686325192451477,14.3457,179.356,5.646,0.2592304702681695,316498
482.0,0.3479793026246557,0.7225947449461084,0.14685294032096863,14.6459,175.681,5.531,0.26000777302759426,317156
483.0,0.34894194826720565,0.7231700059512002,0.14691896736621857,14.2602,180.432,5.68,0.2592304702681695,317814
484.0,0.3494332508106975,0.7230647239567847,0.14693225920200348,14.3418,179.405,5.648,0.25845316750874464,318472
485.0,0.34972162046302896,0.7233387921194978,0.1468595266342163,14.5756,176.528,5.557,0.2592304702681695,319130
486.0,0.3486422952328358,0.72310440651052,0.1468883454799652,14.5584,176.736,5.564,0.25961912164788187,319788
487.0,0.34821565204781607,0.7228676397577202,0.1468544602394104,14.5529,176.804,5.566,0.2592304702681695,320446
488.0,0.3487432404755166,0.722987419819999,0.14680637419223785,14.6731,175.355,5.52,0.26000777302759426,321104
489.0,0.3493956200324995,0.7232607725492141,0.14685212075710297,14.1979,181.223,5.705,0.2592304702681695,321762
490.0,0.34961699999445955,0.7232080896203034,0.1468762457370758,14.4295,178.316,5.614,0.25845316750874464,322420
491.0,0.35005327936776626,0.7233325068187454,0.14685863256454468,14.2442,180.634,5.687,0.25961912164788187,323078
492.0,0.34911543642544435,0.7227993439037725,0.14678499102592468,14.3412,179.413,5.648,0.26039642440730665,323736
493.0,0.35029868574566725,0.7237774364564237,0.14685066044330597,14.5773,176.507,5.557,0.26039642440730665,324394
494.0,0.3496544754668595,0.7232710651828299,0.14678241312503815,14.3182,179.701,5.657,0.2615623785464438,325052
495.0,0.3497476971884754,0.7235901509134234,0.14680397510528564,14.4248,178.374,5.615,0.26039642440730665,325710
496.0,0.3500768425714955,0.7239908757314292,0.1468363255262375,14.2729,180.271,5.675,0.26039642440730665,326368
497.0,0.34985561345308214,0.7235667526284467,0.14682678878307343,14.4859,177.621,5.592,0.2592304702681695,327026
498.0,0.34961635834937443,0.7234993297254356,0.1467776894569397,14.4833,177.652,5.593,0.25961912164788187,327684
499.0,0.3495512712475295,0.7235562611629291,0.14683789014816284,14.4621,177.914,5.601,0.26000777302759426,328342
500.0,0.34937814967007985,0.7231593570152808,0.14680366218090057,14.306,179.854,5.662,0.26117372716673143,329000
501.0,0.3485693512672971,0.7230746313123789,0.14681969583034515,14.5562,176.763,5.565,0.26000777302759426,329658
502.0,0.3505818020415032,0.7242627013630731,0.14679555594921112,14.5423,176.932,5.57,0.26195102992615626,330316
503.0,0.3494669565948187,0.7234464959301171,0.14679665863513947,14.6077,176.14,5.545,0.26078507578701904,330974
504.0,0.3486733439112054,0.7231357742560485,0.1467479020357132,14.5706,176.588,5.559,0.26000777302759426,331632
505.0,0.34848823328991385,0.7233915806195393,0.14679697155952454,14.3093,179.813,5.661,0.26000777302759426,332290
506.0,0.3490918998203231,0.72347601805466,0.1468096673488617,14.6921,175.128,5.513,0.2592304702681695,332948
507.0,0.3495568712693217,0.7236515347173935,0.14673784375190735,14.4272,178.343,5.614,0.26078507578701904,333606
508.0,0.3480373364535791,0.7230340988169798,0.14675956964492798,14.3504,179.298,5.644,0.26000777302759426,334264
509.0,0.3498300863272387,0.7237972295318008,0.14675353467464447,14.5388,176.975,5.571,0.26039642440730665,334922
510.0,0.34916864669774245,0.7234063695533363,0.1467435359954834,14.3517,179.281,5.644,0.26039642440730665,335580
511.0,0.3493746418947358,0.723355671382477,0.14671793580055237,14.3078,179.832,5.661,0.25884181888845703,336238
512.0,0.3498522796866859,0.7236235690569404,0.14677901566028595,14.5633,176.677,5.562,0.25961912164788187,336896
513.0,0.348508500424691,0.7233472304943419,0.14671696722507477,14.4527,178.029,5.604,0.25961912164788187,337554
514.0,0.34997204784552877,0.7240559024680345,0.14681805670261383,14.6349,175.813,5.535,0.26117372716673143,338212
515.0,0.3495831549123265,0.7235966219572777,0.14676524698734283,14.4953,177.505,5.588,0.26117372716673143,338870
516.0,0.3486360353420008,0.72343175265931,0.14669719338417053,14.5521,176.813,5.566,0.26078507578701904,339528
517.0,0.3503816976862009,0.7239464551313832,0.14678263664245605,14.4644,177.886,5.6,0.26039642440730665,340186
518.0,0.3506784739885118,0.7240576551587499,0.14676901698112488,14.2653,180.368,5.678,0.26039642440730665,340844
519.0,0.3496381831396645,0.7236006351726876,0.1467462182044983,14.3658,179.106,5.638,0.26039642440730665,341502
520.0,0.3495395353855735,0.7233936988340363,0.14677341282367706,14.5453,176.896,5.569,0.26039642440730665,342160
521.0,0.3500399398245963,0.7239087301587301,0.1467704027891159,14.2252,180.876,5.694,0.26117372716673143,342818
522.0,0.3506830864758414,0.7241174137247124,0.1467205435037613,14.4444,178.131,5.608,0.26000777302759426,343476
523.0,0.3495103384277435,0.7232417418906855,0.14673812687397003,14.4887,177.586,5.591,0.25845316750874464,344134
524.0,0.3495119856832509,0.72367898291617,0.1467001587152481,14.4006,178.673,5.625,0.26078507578701904,344792
525.0,0.3491380248064988,0.7233957950196331,0.14669877290725708,14.5217,177.183,5.578,0.26039642440730665,345450
526.0,0.34942005374722057,0.723397913561848,0.1467127650976181,14.5136,177.281,5.581,0.26117372716673143,346108
527.0,0.34968722097194366,0.7234739454094293,0.14674115180969238,14.3467,179.344,5.646,0.25961912164788187,346766
528.0,0.34966324879387806,0.7236071109345515,0.14667819440364838,14.5977,176.26,5.549,0.26039642440730665,347424
529.0,0.35009037070246374,0.7235267834979894,0.14671511948108673,14.3561,179.226,5.642,0.25961912164788187,348082
530.0,0.35001801154907647,0.723746217570316,0.14670266211032867,14.414,178.507,5.62,0.2592304702681695,348740
531.0,0.34942979982409395,0.7235966219572777,0.1467140167951584,14.4351,178.246,5.611,0.26078507578701904,349398
532.0,0.35025465960312185,0.7236933452345532,0.14677557349205017,14.2873,180.09,5.669,0.26039642440730665,350056
533.0,0.35002748303606923,0.7239275973220928,0.14673930406570435,14.2202,180.94,5.696,0.26039642440730665,350714
534.0,0.349852350546487,0.7238284155715349,0.14676105976104736,14.4253,178.367,5.615,0.25961912164788187,351372
535.0,0.3490988304693623,0.7234105910963323,0.1467154622077942,14.665,175.451,5.523,0.2592304702681695,352030
536.0,0.34952746921548766,0.7235308703198612,0.14670132100582123,14.4054,178.613,5.623,0.25806451612903225,352688
537.0,0.35024052826119156,0.7237037771388917,0.14674507081508636,14.4939,177.522,5.589,0.2592304702681695,353346
538.0,0.34911757148135625,0.7231526114396462,0.14664146304130554,14.1758,181.506,5.714,0.25884181888845703,354004
539.0,0.3491093021024498,0.7234654890090806,0.1467103511095047,14.3286,179.571,5.653,0.25961912164788187,354662
540.0,0.34985666412733357,0.7236195862479535,0.1467028707265854,14.4244,178.378,5.615,0.25845316750874464,355320
541.0,0.3504510423843426,0.7239908757314292,0.1467178910970688,14.5662,176.642,5.561,0.25884181888845703,355978
542.0,0.35007817319828094,0.7236574602072693,0.14671221375465393,14.6095,176.118,5.544,0.2592304702681695,356636
543.0,0.3501438529578002,0.7237991266375546,0.14667768776416779,14.3272,179.588,5.654,0.2592304702681695,357294
544.0,0.3506622004882289,0.7243414851927179,0.14667896926403046,14.5686,176.613,5.56,0.26039642440730665,357952
545.0,0.34996722509154354,0.7238965294672558,0.14664900302886963,14.5012,177.434,5.586,0.26000777302759426,358610
546.0,0.34994389917553126,0.7237840249888443,0.14666861295700073,14.3951,178.742,5.627,0.25961912164788187,359268
547.0,0.349604555344553,0.7235162652098336,0.14661763608455658,14.5053,177.383,5.584,0.26039642440730665,359926
548.0,0.35006296262627223,0.7236894360603654,0.1466330587863922,14.3584,179.198,5.641,0.25961912164788187,360584
549.0,0.35066100148421564,0.7239464551313832,0.14665985107421875,14.3694,179.062,5.637,0.26078507578701904,361242
550.0,0.35027414169540405,0.7238643126363816,0.14668206870555878,14.5142,177.275,5.581,0.26000777302759426,361900
551.0,0.3498759708088898,0.7235881388764714,0.1466437131166458,14.4173,178.466,5.618,0.26039642440730665,362558
552.0,0.35059954655426945,0.723910564672054,0.14667144417762756,14.654,175.584,5.528,0.26078507578701904,363216
553.0,0.35047228711253214,0.724180673310526,0.14667242765426636,14.4713,177.8,5.597,0.26117372716673143,363874
554.0,0.350216974226131,0.7239598848177937,0.14660093188285828,14.6386,175.768,5.533,0.26078507578701904,364532
555.0,0.3498819045670741,0.7236554871998412,0.14662127196788788,14.3887,178.821,5.629,0.25961912164788187,365190
556.0,0.3503243398263119,0.723640509592029,0.14664532244205475,14.4224,178.403,5.616,0.2592304702681695,365848
557.0,0.34993639017249834,0.7236066385930147,0.14666230976581573,14.4077,178.585,5.622,0.25884181888845703,366506
558.0,0.3501792159445572,0.7234611953612846,0.14662642776966095,14.6894,175.161,5.514,0.25845316750874464,367164
559.0,0.35042757348053494,0.7237859266600595,0.14663934707641602,14.4139,178.508,5.62,0.25961912164788187,367822
560.0,0.3499799466106686,0.7234908657664814,0.1465982049703598,14.3877,178.834,5.63,0.25961912164788187,368480
561.0,0.34971709433424675,0.7236280639079091,0.14661942422389984,14.7479,174.465,5.492,0.26000777302759426,369138
562.0,0.3506393623651176,0.7241276764472641,0.1466543823480606,14.5268,177.121,5.576,0.26078507578701904,369796
563.0,0.3506558173081528,0.7241003271537623,0.14659501612186432,14.3923,178.776,5.628,0.26078507578701904,370454
564.0,0.3498257469732833,0.7236724565756824,0.14658716320991516,14.417,178.47,5.618,0.26039642440730665,371112
565.0,0.35070335391983165,0.7243087900109008,0.14662356674671173,14.2155,180.999,5.698,0.26078507578701904,371770
566.0,0.350350841848224,0.7238435576732182,0.1465800255537033,14.7349,174.62,5.497,0.26039642440730665,372428
567.0,0.3501163978902668,0.723851030110935,0.1466645449399948,14.4293,178.318,5.614,0.2592304702681695,373086
568.0,0.3506598456425815,0.7242745369911855,0.14666372537612915,14.4993,177.457,5.586,0.26000777302759426,373744
569.0,0.35024395251583357,0.7237821212421868,0.14658403396606445,14.5289,177.095,5.575,0.26039642440730665,374402
570.0,0.3502547591771642,0.7239634993056934,0.14664824306964874,14.6143,176.061,5.543,0.26117372716673143,375060
571.0,0.35047966090507987,0.7238029146426093,0.14662781357765198,14.3402,179.426,5.648,0.2592304702681695,375718
572.0,0.3502281712913851,0.7238435576732182,0.1466028094291687,14.553,176.802,5.566,0.26117372716673143,376376
573.0,0.350134077984241,0.7239738251041047,0.14662286639213562,14.6399,175.752,5.533,0.26000777302759426,377034
574.0,0.3500400535717508,0.7238302934179223,0.14662466943264008,14.3956,178.735,5.627,0.2592304702681695,377692
575.0,0.3499144185338867,0.7239446401111166,0.14660924673080444,14.3328,179.519,5.651,0.26078507578701904,378350
576.0,0.3498104765510311,0.7237972295318008,0.14654354751110077,14.369,179.066,5.637,0.26000777302759426,379008
577.0,0.35003164166062223,0.7238916988991372,0.1466130167245865,14.3435,179.385,5.647,0.26078507578701904,379666
578.0,0.350186387320148,0.7238576667657846,0.14656561613082886,14.6309,175.86,5.536,0.2592304702681695,380324
579.0,0.3497931758468584,0.7237755304382312,0.14662408828735352,14.5149,177.266,5.58,0.26039642440730665,380982
580.0,0.3498016783996152,0.7237188073622067,0.14655892550945282,14.4433,178.145,5.608,0.26000777302759426,381640
581.0,0.35003747958417086,0.7238180284764598,0.1465616524219513,14.5994,176.241,5.548,0.26000777302759426,382298
582.0,0.35031943220443923,0.7238095238095238,0.1465374082326889,14.3623,179.15,5.64,0.26039642440730665,382956
583.0,0.35019996018785865,0.7238180284764598,0.1465137004852295,14.4308,178.299,5.613,0.26000777302759426,383614
584.0,0.35049097942054386,0.7239257715589957,0.14652474224567413,14.4246,178.375,5.615,0.25961912164788187,384272
585.0,0.35055500208478163,0.723902052146327,0.14656244218349457,14.4364,178.23,5.611,0.25961912164788187,384930
586.0,0.3501453451920695,0.723807633133158,0.14653097093105316,14.3401,179.426,5.648,0.26039642440730665,385588
587.0,0.3504797217145777,0.7240712266256634,0.14651574194431305,14.3367,179.47,5.65,0.26039642440730665,386246
588.0,0.3495134232533033,0.723699880905121,0.14652381837368011,14.2648,180.374,5.678,0.25961912164788187,386904
589.0,0.35017905410320377,0.7240388426476417,0.1465633511543274,14.4512,178.047,5.605,0.26000777302759426,387562
590.0,0.35081395762441253,0.7240832507433103,0.14655527472496033,14.6562,175.557,5.527,0.26039642440730665,388220
591.0,0.35099257409632867,0.7243205781891986,0.14661450684070587,14.576,176.523,5.557,0.25961912164788187,388878
592.0,0.349604564348603,0.7234464959301171,0.14650070667266846,14.3493,179.312,5.645,0.25961912164788187,389536
593.0,0.35040104102858166,0.7238728237686622,0.14654706418514252,14.4826,177.661,5.593,0.2592304702681695,390194
594.0,0.3504735771266786,0.7239549759508107,0.14651884138584137,14.4669,177.855,5.599,0.25884181888845703,390852